Text,Location
AAMI Park,"Melbourne, Austrailia"
Australian Open,"Melbourne, Austrailia"
Flight Experience Flight Simulators,"Melbourne, Austrailia"
Forum Melbourne,"Melbourne, Austrailia"
Chinatown,"Melbourne, Austrailia"
Queens Park,"Melbourne, Austrailia"
Half Moon Bay,"Melbourne, Austrailia"
Carlton Gardens,"Melbourne, Austrailia"
Sherbrooke Forest,"Melbourne, Austrailia"
Comedy Theatre,"Melbourne, Austrailia"
Flagstaff Gardens,"Melbourne, Austrailia"
Docklands Stadium,"Melbourne, Austrailia"
Southern Cross Station,"Melbourne, Austrailia"
Zero Latency,"Melbourne, Austrailia"
O'Brien Icehouse,"Melbourne, Austrailia"
Sidney Myer Music Bowl,"Melbourne, Austrailia"
Museum of Chinese Australian History,"Melbourne, Austrailia"
Polly Woodside - Melbourne's Tall Ship Story,"Melbourne, Austrailia"
King's Domain Gardens,"Melbourne, Austrailia"
Capital City Trail,"Melbourne, Austrailia"
Bourke Street Mall,"Melbourne, Austrailia"
ACDC Lane,"Melbourne, Austrailia"
Manchester Unity Building,"Melbourne, Austrailia"
Victoria Police Museum,"Melbourne, Austrailia"
Boat O'Craigo Winery,"Melbourne, Austrailia"
Hellenic Museum,"Melbourne, Austrailia"
Chapel Street,"Melbourne, Austrailia"
Rush Escape Game - South Yarra,"Melbourne, Austrailia"
333 Collins Street,"Melbourne, Austrailia"
St. Francis Church,"Melbourne, Austrailia"
Yarra Trams,"Melbourne, Austrailia"
Southbank Theatre,"Melbourne, Austrailia"
The National Opal Collection,"Melbourne, Austrailia"
Melbourne City Marina,"Melbourne, Austrailia"
Treasury Gardens,"Melbourne, Austrailia"
ANZ Bank Museum,"Melbourne, Austrailia"
St Kilda Adventure Playground,"Melbourne, Austrailia"
SkyBus,"Melbourne, Austrailia"
Hamer Hall,"Melbourne, Austrailia"
Queen Victoria Gardens,"Melbourne, Austrailia"
HMAS Castlemaine,"Melbourne, Austrailia"
The Athenaeum Theatre,"Melbourne, Austrailia"
Coops Shot Tower,"Melbourne, Austrailia"
Royal Park Nature Play Playground,"Melbourne, Austrailia"
Spencer Outlet Centre,"Melbourne, Austrailia"
Ukiyo Melbourne,"Melbourne, Austrailia"
South Wharf Promenade,"Melbourne, Austrailia"
Royal Park,"Melbourne, Austrailia"
Melbourne Cup Carnival,"Melbourne, Austrailia"
Scots Church,"Melbourne, Austrailia"
Little Lon Distilling Co.,"Melbourne, Austrailia"
Warrandyte State Park,"Melbourne, Austrailia"
Melbourne Laneways,"Melbourne, Austrailia"
Go West Tours,"Melbourne, Austrailia"
Parliament Gardens,"Melbourne, Austrailia"
Tan Track,"Melbourne, Austrailia"
Buxton Contemporary,"Melbourne, Austrailia"
Station Pier,"Melbourne, Austrailia"
Melbourne Park,"Melbourne, Austrailia"
St Michael's Church,"Melbourne, Austrailia"
Lightning Ridge Opal Mines,"Melbourne, Austrailia"
Hit the Road Tours,"Melbourne, Austrailia"
City Square,"Melbourne, Austrailia"
Cat Cafe Melbourne,"Melbourne, Austrailia"
Escape Hunt Melbourne,"Melbourne, Austrailia"
Depot Adventures,"Melbourne, Austrailia"
Global Ballooning Australia,"Melbourne, Austrailia"
Hardrock Climbing,"Melbourne, Austrailia"
Haigh's Chocolates Rialto,"Melbourne, Austrailia"
Playtime Crown,"Melbourne, Austrailia"
Sakura Lounge and Spa,"Melbourne, Austrailia"
Dancing Kangaroo Tours,"Melbourne, Austrailia"
Harry Potter and the Cursed Child,"Melbourne, Austrailia"
Body Freedom Urban Spa & Clinic,"Melbourne, Austrailia"
Young and Jacksons,"Melbourne, Austrailia"
Picture This Ballooning - Melbourne and Yarra Valley,"Melbourne, Austrailia"
Aroma Thai Massage & Skin Care,"Melbourne, Austrailia"
Bartronica,"Melbourne, Austrailia"
Teepee Tours,"Melbourne, Austrailia"
Melbourne LimoLink,"Melbourne, Austrailia"
Bunyip Tours,"Melbourne, Austrailia"
Oceania Tours & Safaris,"Melbourne, Austrailia"
Adventure Rooms Melbourne,"Melbourne, Austrailia"
Whisky & Alement,"Melbourne, Austrailia"
David Jones,"Melbourne, Austrailia"
Haigh's Chocolates Collins Street,"Melbourne, Austrailia"
Woodbury Escape Rooms - Melbourne,"Melbourne, Austrailia"
V Hotel Spa,"Melbourne, Austrailia"
Haigh's Chocolates Block Arcade,"Melbourne, Austrailia"
Pinball Paradise,"Melbourne, Austrailia"
Luxury Escapes,"Melbourne, Austrailia"
LUNA Massage Therapies,"Melbourne, Austrailia"
The Comics Lounge,"Melbourne, Austrailia"
Hike & Seek,"Melbourne, Austrailia"
Red Herring Escape Rooms,"Melbourne, Austrailia"
Junk Food Cooking School,"Melbourne, Austrailia"
KINGS PF COMEDY,"Melbourne, Austrailia"
BALLOONMAN,"Melbourne, Austrailia"
Limozone,"Melbourne, Austrailia"
Melbourne Boat Hire,"Melbourne, Austrailia"
MELTours,"Melbourne, Austrailia"
Minotaur Entertainment Melbourne,"Melbourne, Austrailia"
MiYaBi Natural Therapy,"Melbourne, Austrailia"
Advanced Skin & Beauty Clinic,"Melbourne, Austrailia"
Union Electric Bar,"Melbourne, Austrailia"
The Private Tour Guide,"Melbourne, Austrailia"
Imperial Hotel Bourke Street,"Melbourne, Austrailia"
Chocoholic Tours,"Melbourne, Austrailia"
The Lui Bar,"Melbourne, Austrailia"
Yarra Valley Wine Tasting Tours,"Melbourne, Austrailia"
Epicurean Food and Wine Tours,"Melbourne, Austrailia"
Waverley Cinema,"Melbourne, Austrailia"
MONSTERA Nails & Spa,"Melbourne, Austrailia"
Strike Melbourne Central,"Melbourne, Austrailia"
The Orchard Prahran,"Melbourne, Austrailia"
Sensu Spa,"Melbourne, Austrailia"
Moonlight Cinema Melbourne,"Melbourne, Austrailia"
Hop It,"Melbourne, Austrailia"
PJ O'Brien's,"Melbourne, Austrailia"
Southern Cross Chauffeur Drive,"Melbourne, Austrailia"
Wine Tours Victoria,"Melbourne, Austrailia"
Gourmet Pawprints,"Melbourne, Austrailia"
Marks Melbourne Private Tours,"Melbourne, Austrailia"
Outback Billy's,"Melbourne, Austrailia"
Mrs Parmas,"Melbourne, Austrailia"
On The Rocks Bar Crawl Melbourne,"Melbourne, Austrailia"
Big Grape Winery Tours,"Melbourne, Austrailia"
Park Trek Walking Holidays,"Melbourne, Austrailia"
StoryVille,"Melbourne, Austrailia"
Aussie Brewery Tours,"Melbourne, Austrailia"
Le beau Monde,"Melbourne, Austrailia"
The eBike Butler,"Melbourne, Austrailia"
Mystery Adventures,"Melbourne, Austrailia"
Doutta Galla Hotel,"Melbourne, Austrailia"
RAW Travel,"Melbourne, Austrailia"
Melbourne Australia Tours,"Melbourne, Austrailia"
Wild Wombat Escapes Tours,"Melbourne, Austrailia"
Winebus Winery Tours,"Melbourne, Austrailia"
Chauffeur Link Melbourne,"Melbourne, Austrailia"
Lily Blacks,"Melbourne, Austrailia"
Prince Alfred Hotel,"Melbourne, Austrailia"
The Rubber Chicken,"Melbourne, Austrailia"
The Wharf Hotel,"Melbourne, Austrailia"
A Petite Tour,"Melbourne, Austrailia"
Melbourne Touring Company,"Melbourne, Austrailia"
Omni Car,"Melbourne, Austrailia"
Acacia Luxury Private Tours,"Melbourne, Austrailia"
Ocean Road Tours,"Melbourne, Austrailia"
Great Ocean Road Tours,"Melbourne, Austrailia"
GoBoat Melbourne,"Melbourne, Austrailia"
Nikolai Simonov - Private Melbourne Tour Guide,"Melbourne, Austrailia"
Lantern Ghost Tours,"Melbourne, Austrailia"
Laneways of Melbourne Tour,"Melbourne, Austrailia"
Paul’s Wine Tours,"Melbourne, Austrailia"
Surf X,"Melbourne, Austrailia"
Marcopolo Holiday,"Melbourne, Austrailia"
Melbourne Tramboat Scenic Cruises,"Melbourne, Austrailia"
Mr. John Tours,"Melbourne, Austrailia"
Boutique Explorations,"Melbourne, Austrailia"
The Visitor,"Melbourne, Austrailia"
Mnmridez Chauffeur,"Melbourne, Austrailia"
Inspiring Vacations,"Melbourne, Austrailia"
The Solo Female Traveler Network - Tours for Women,"Melbourne, Austrailia"
Amazing Ocean Road Tours,"Melbourne, Austrailia"
Rentabike Tours,"Melbourne, Austrailia"
Good Times Tours,"Melbourne, Austrailia"
Djb Photography Walks Melbourne,"Melbourne, Austrailia"
Prestige Rentals,"Melbourne, Austrailia"
ENTERPRIZE - Melbourne's Tall Ship,"Melbourne, Austrailia"
Great Ocean Road and Beyond,"Melbourne, Austrailia"
Ibuzz International,"Melbourne, Austrailia"
Shark Dive Xtreme Melbourne Aquarium,"Melbourne, Austrailia"
Hop To It Tours,"Melbourne, Austrailia"
Unique Carriage Hire,"Melbourne, Austrailia"
Around Town,"Melbourne, Austrailia"
Advance Car Rental,"Melbourne, Austrailia"
City Sports Tours,"Melbourne, Austrailia"
Melbourne Walkabout,"Melbourne, Austrailia"
Melbourne Elite Tours,"Melbourne, Austrailia"
Beyond the Glass,"Melbourne, Austrailia"
Bushy Creek Trail,"Melbourne, Austrailia"
Melbourne College of Priniting and Graphic Arts,"Melbourne, Austrailia"
NewQuay Art Walk,"Melbourne, Austrailia"
Melbourne Showgrounds,"Melbourne, Austrailia"
Coronet Park,"Melbourne, Austrailia"
Reptile Party,"Melbourne, Austrailia"
La Mama Courthouse,"Melbourne, Austrailia"
Former Records Office,"Melbourne, Austrailia"
Sir Thomas Blamey Statue,"Melbourne, Austrailia"
Weedon Reserve,"Melbourne, Austrailia"
St Carthage's Church,"Melbourne, Austrailia"
Fred Jackson Reserve,"Melbourne, Austrailia"
Marquis of Linlithgow Monument,"Melbourne, Austrailia"
"Gallery 1, Arts Centre","Melbourne, Austrailia"
Asia Society and Museum,"Melbourne, Austrailia"
Chemistry Building of Melbourne University,"Melbourne, Austrailia"
Eastwood and Rankins Road Reserve,"Melbourne, Austrailia"
Railway & Miller Street Reserve,"Melbourne, Austrailia"
Australian Club,"Melbourne, Austrailia"
Nurses Memorial Centre,"Melbourne, Austrailia"
Dancing Kangaroo Tours,"Melbourne, Austrailia"
Go West Tours,"Melbourne, Austrailia"
Vinetrekker Wine Tours,"Melbourne, Austrailia"
Teepee Tours,"Melbourne, Austrailia"
Hit the Road Tours,"Melbourne, Austrailia"
Red Carpet Wine Tours,"Melbourne, Austrailia"
Picture This Ballooning - Melbourne and Yarra Valley,"Melbourne, Austrailia"
Welcome to Travel,"Melbourne, Austrailia"
I'm Free Walking Tours,"Melbourne, Austrailia"
KK Melbourne Tours,"Melbourne, Austrailia"
Melbourne Boutique Tours,"Melbourne, Austrailia"
AXB Airport Express,"Melbourne, Austrailia"
Escape Room Melbourne (ERM),"Melbourne, Austrailia"
Local Guide To Melbourne,"Melbourne, Austrailia"
Park Trek Walking Holidays,"Melbourne, Austrailia"
Wine Hop And Scenic Tours,"Melbourne, Austrailia"
Australian Wine Tour Company,"Melbourne, Austrailia"
Haigh's Chocolates Rialto,"Melbourne, Austrailia"
RAW Travel,"Melbourne, Austrailia"
Wildlife Tours Australia,"Melbourne, Austrailia"
Magic Men Australia,"Melbourne, Austrailia"
Luxury Escapes,"Melbourne, Austrailia"
Three Koalas Wine Tours,"Melbourne, Austrailia"
Great Ocean Road Tours,"Melbourne, Austrailia"
Viri VR,"Melbourne, Austrailia"
Sightseeing Tours Australia,"Melbourne, Austrailia"
Sporting Capital Tours,"Melbourne, Austrailia"
Melbourne Touring Company,"Melbourne, Austrailia"
Great Private Tours,"Melbourne, Austrailia"
ACMI,"Melbourne, Austrailia"
A Petite Tour,"Melbourne, Austrailia"
Bartronica,"Melbourne, Austrailia"
AAT Kings,"Melbourne, Austrailia"
Chauffeur Link Melbourne,"Melbourne, Austrailia"
The Johnston Collection,"Melbourne, Austrailia"
Rex Melbourne Tours,"Melbourne, Austrailia"
Fever Tours (Jawsome),"Melbourne, Austrailia"
Specialty Wine Tours,"Melbourne, Austrailia"
THE LUME Melbourne,"Melbourne, Austrailia"
Melbourne River Cruises,"Melbourne, Austrailia"
Australian Bus Charters,"Melbourne, Austrailia"
The Adventure Merchants,"Melbourne, Austrailia"
Lightning Ridge Opal Mines,"Melbourne, Austrailia"
Melbourne Australia Tours,"Melbourne, Austrailia"
Grape Escape Tours,"Melbourne, Austrailia"
Paris Cat Jazz Club,"Melbourne, Austrailia"
Illusionaire Magic Show,"Melbourne, Austrailia"
Debby Tours and Transfers,"Melbourne, Austrailia"
SkyBus,"Melbourne, Austrailia"
Metartworld,"Melbourne, Austrailia"
Melbourne Paragliding Tandem,"Melbourne, Austrailia"
Rotor One - Melbourne Helicopter Rides,"Melbourne, Austrailia"
DM Concierge,"Melbourne, Austrailia"
IMAX Melbourne Museum,"Melbourne, Austrailia"
Fit City Tours,"Melbourne, Austrailia"
A Day on the Vine,"Melbourne, Austrailia"
Escape Hunt Melbourne,"Melbourne, Austrailia"
MTB Adventures,"Melbourne, Austrailia"
Woodbury Escape Rooms - Melbourne,"Melbourne, Austrailia"
Melbourne LimoLink,"Melbourne, Austrailia"
Neighbours Tour,"Melbourne, Austrailia"
Air Adventure Australia,"Melbourne, Austrailia"
Marcopolo Holiday,"Melbourne, Austrailia"
Dialogue in the Dark,"Melbourne, Austrailia"
Adventure Rooms Melbourne,"Melbourne, Austrailia"
New To Melbourne,"Melbourne, Austrailia"
KINGS PF COMEDY,"Melbourne, Austrailia"
Your Exclusive Tours,"Melbourne, Austrailia"
Haigh's Chocolates Block Arcade,"Melbourne, Austrailia"
Harry Potter and the Cursed Child,"Melbourne, Austrailia"
AllTrails Tours,"Melbourne, Austrailia"
Melbourne Recital Centre,"Melbourne, Austrailia"
Djb Photography Walks Melbourne,"Melbourne, Austrailia"
Kanga Road Tours,"Melbourne, Austrailia"
Fun Addicts,"Melbourne, Austrailia"
Aroma Thai Massage & Skin Care,"Melbourne, Austrailia"
The Astor Theatre,"Melbourne, Austrailia"
Melbourne Walks,"Melbourne, Austrailia"
Royal Standard Hotel,"Melbourne, Austrailia"
Koko Black,"Melbourne, Austrailia"
Whisky Den,"Melbourne, Austrailia"
Longhorn Younique Tours,"Melbourne, Austrailia"
Bird's Basement,"Melbourne, Austrailia"
Garners Motorcycle Rentals,"Melbourne, Austrailia"
The Visitor,"Melbourne, Austrailia"
Dreaming Since,"Melbourne, Austrailia"
City Sports Tours,"Melbourne, Austrailia"
Cat Cafe Melbourne,"Melbourne, Austrailia"
Amazing Ocean Road Tours,"Melbourne, Austrailia"
Escape Or Die,"Melbourne, Austrailia"
Body Freedom Urban Spa & Clinic,"Melbourne, Austrailia"
Sheraton Melbourne Spa,"Melbourne, Austrailia"
Great Ocean Road Tours,"Melbourne, Austrailia"
Ibuzz International,"Melbourne, Austrailia"
Nikolai Simonov - Private Melbourne Tour Guide,"Melbourne, Austrailia"
Section 8,"Melbourne, Austrailia"
IceBar Melbourne,"Melbourne, Austrailia"
Cinema Nova,"Melbourne, Austrailia"
Discovera Walking Tours,"Melbourne, Austrailia"
Limozone,"Melbourne, Austrailia"
Melbourne Photography Tours,"Melbourne, Austrailia"
Unique Carriage Hire,"Melbourne, Austrailia"
South East Airport Shuttle,"Melbourne, Austrailia"
Good Times Tours,"Melbourne, Austrailia"
Melbourne Elite Tours,"Melbourne, Austrailia"
Great Ocean Road and Beyond,"Melbourne, Austrailia"
Top Down Tours,"Melbourne, Austrailia"
Shark Dive Xtreme Melbourne Aquarium,"Melbourne, Austrailia"
Last Minute Day Tours,"Melbourne, Austrailia"
Surf X,"Melbourne, Austrailia"
Strike Melbourne Central,"Melbourne, Austrailia"
Starbus Shuttle,"Melbourne, Austrailia"
Rooftop Cinema,"Melbourne, Austrailia"
Prestige Rentals,"Melbourne, Austrailia"
Yarra Valley Limo Wine Tours,"Melbourne, Austrailia"
Small group Melbourne Day tour,"Melbourne, Austrailia"
Airfleet Chauffeurs Melbourne,"Melbourne, Austrailia"
Bargains and Bubbles: Melbourne Shopping Tour,"Melbourne, Austrailia"
Trail Bus,"Melbourne, Austrailia"
The Solo Female Traveler Network - Tours for Women,"Melbourne, Austrailia"
Moonlight Cinema Melbourne,"Melbourne, Austrailia"
Beneath Driver Lane,"Melbourne, Austrailia"
Transit Rooftop Bar,"Melbourne, Austrailia"
Readings Book Shop,"Melbourne, Austrailia"
Playtime Crown,"Melbourne, Austrailia"
Seven Seeds Specialty Coffee,"Melbourne, Austrailia"
Coastline Adventures,"Melbourne, Austrailia"
Madame Brussels,"Melbourne, Austrailia"
LUNA Massage Therapies,"Melbourne, Austrailia"
Minotaur Entertainment Melbourne,"Melbourne, Austrailia"
Advance Car Rental,"Melbourne, Austrailia"
Updraft Paragliding,"Melbourne, Austrailia"
Waterbikes Australia,"Melbourne, Austrailia"
Junk Food Cooking School,"Melbourne, Austrailia"
MONSTERA Nails & Spa,"Melbourne, Austrailia"
Mr. John Tours,"Melbourne, Austrailia"
56 Bricks,"Melbourne, Austrailia"
YoYo Melbourne Tours,"Melbourne, Austrailia"
The Japanese Bath House,"Melbourne, Austrailia"
Cattleya Thai Massage & Waxing,"Melbourne, Austrailia"
Pub Crawl Melbourne,"Melbourne, Austrailia"
Romeo Lane,"Melbourne, Austrailia"
City Unscripted Melbourne,"Melbourne, Austrailia"
Zoobus,"Melbourne, Austrailia"
ElliptiGO Experiences,"Melbourne, Austrailia"
Melbourne Tramboat Scenic Cruises,"Melbourne, Austrailia"
Botanica Wellness Spa and Clinic,"Melbourne, Austrailia"
Kojii Transport,"Melbourne, Austrailia"
Mrs Parmas,"Melbourne, Austrailia"
Starward Distillery,"Melbourne, Austrailia"
VoiceMap,"Melbourne, Austrailia"
Lily Blacks,"Melbourne, Austrailia"
The Mitre Tavern,"Melbourne, Austrailia"
The Wharf Hotel,"Melbourne, Austrailia"
The LuWow,"Melbourne, Austrailia"
Show Me Melbourne,"Melbourne, Austrailia"
GoGo Bar,"Melbourne, Austrailia"
Melbourne City Baths,"Melbourne, Austrailia"
Hardrock Climbing,"Melbourne, Austrailia"
Advanced Skin & Beauty Clinic,"Melbourne, Austrailia"
The Lyall Spa,"Melbourne, Austrailia"
Sensu Spa,"Melbourne, Austrailia"
Australian Natural Treasures Touring,"Melbourne, Austrailia"
Kokoda Historical,"Melbourne, Austrailia"
Pinball Paradise,"Melbourne, Austrailia"
StoryVille,"Melbourne, Austrailia"
Ripple Melbourne Massage Day Spa And Beauty,"Melbourne, Austrailia"
The Palms at Crown,"Melbourne, Austrailia"
Southern Cross Chauffeur Drive,"Melbourne, Austrailia"
Melbourne City Card,"Melbourne, Austrailia"
Sense of 5 Thai Massage,"Melbourne, Austrailia"
"The House Lounge by Aspire, Melbourne","Melbourne, Austrailia"
ENTERPRIZE - Melbourne's Tall Ship,"Melbourne, Austrailia"
The Hellenic Odyssey Cooking Classes and Food Tours,"Melbourne, Austrailia"
The Curium Experience,"Melbourne, Austrailia"
Archie Brothers Cirque Electriq Melbourne,"Melbourne, Austrailia"
Heathcliff on tour,"Melbourne, Austrailia"
Melbourne Walkabout,"Melbourne, Austrailia"
Cherry Bar,"Melbourne, Austrailia"
Stable Massage,"Melbourne, Austrailia"
Aperture Tours,"Melbourne, Austrailia"
Ambiance Gifts,"Melbourne, Austrailia"
d’Luxe Classic Car Tours,"Melbourne, Austrailia"
Great Southern Escapes,"Melbourne, Austrailia"
Inspiring Vacations,"Melbourne, Austrailia"
The Rubber Chicken,"Melbourne, Austrailia"
The Fox Darkroom,"Melbourne, Austrailia"
Champainting - A Paint and Sip Experience,"Melbourne, Austrailia"
The eBike Butler,"Melbourne, Austrailia"
Crown Spa Melbourne,"Melbourne, Austrailia"
Prince Alfred Hotel,"Melbourne, Austrailia"
Art Aficionado Tours- Day Tours,"Melbourne, Austrailia"
Melbourne Watch Company,"Melbourne, Austrailia"
Luxury Transfers Melbourne,"Melbourne, Austrailia"
Westside Ale Works,"Melbourne, Austrailia"
Doutta Galla Hotel,"Melbourne, Austrailia"
Australian By Design,"Melbourne, Austrailia"
MiYaBi Natural Therapy,"Melbourne, Austrailia"
Lemongrass Thai Massage,"Melbourne, Austrailia"
Le beau Monde,"Melbourne, Austrailia"
Harley Trike Tours Melbourne,"Melbourne, Austrailia"
Oceania 24,"Melbourne, Austrailia"
Omni Car,"Melbourne, Austrailia"
The Drunken Poet,"Melbourne, Austrailia"
Bar Ampere,"Melbourne, Austrailia"
Kaykaze Adventure Experience,"Melbourne, Austrailia"
Orchid Day Spa,"Melbourne, Austrailia"
The Australian Natural Soap,"Melbourne, Austrailia"
Melbourne Wine Courses,"Melbourne, Austrailia"
Kingpin Crown,"Melbourne, Austrailia"
Viva La Calavera,"Melbourne, Austrailia"
Melbourne Sailing Adventures,"Melbourne, Austrailia"
Australian Coastal & Mountain Tours,"Melbourne, Austrailia"
Penguin Island Tours,"Melbourne, Austrailia"
Ride International Tours,"Melbourne, Austrailia"
Penny Blue,"Melbourne, Austrailia"
The Clyde Hotel,"Melbourne, Austrailia"
Adventure Clues | Self Guided City Scavenger Hunts,"Melbourne, Austrailia"
Questo Outdoor Escape Games in Melbourne,"Melbourne, Austrailia"
The Jam Factory,"Melbourne, Austrailia"
Race Party,"Melbourne, Austrailia"
SimCorner Australia: Travel Sims & Accessories,"Melbourne, Austrailia"
Context Travel,"Melbourne, Austrailia"
Kimberley Country P/L,"Melbourne, Austrailia"
LEGOLAND Discovery Centre Melbourne,"Melbourne, Austrailia"
Asia Vacation Group,"Melbourne, Austrailia"
Hill of Content bookshop,"Melbourne, Austrailia"
Ding Dong Lounge,"Melbourne, Austrailia"
Catamaran Charters,"Melbourne, Austrailia"
Horse Bazaar,"Melbourne, Austrailia"
Lumber Punks Axe Throwing Melbourne,"Melbourne, Austrailia"
Angel Sculpture Birrarung Marr,"Melbourne, Austrailia"
Kayak Adventures,"Melbourne, Austrailia"
Wunderkammer,"Melbourne, Austrailia"
Norm Smith Statue,"Melbourne, Austrailia"
Three Businessmen Who Brought Their Own Lunch,"Melbourne, Austrailia"
City Basement Books,"Melbourne, Austrailia"
VHA Limos Melbourne Chauffeur Hire,"Melbourne, Austrailia"
City Quest Australia,"Melbourne, Austrailia"
Otway Discovery Great Ocean Road Tours,"Melbourne, Austrailia"
Saint & Rogue,"Melbourne, Austrailia"
The Reel Thing Fishing Charters,"Melbourne, Austrailia"
Jimmy Watson's Wine Bar,"Melbourne, Austrailia"
Max Watts,"Melbourne, Austrailia"
Amara Wellness Centre,"Melbourne, Austrailia"
Move Yoga,"Melbourne, Austrailia"
The Charles Dickens Tavern,"Melbourne, Austrailia"
MANIAX Axe Throwing - Melbourne CBD,"Melbourne, Austrailia"
Drewery Lane,"Melbourne, Austrailia"
Melbourne chauffeurs Services,"Melbourne, Austrailia"
Alma Doepel,"Melbourne, Austrailia"
The Cobbers Statue,"Melbourne, Austrailia"
Dohertys Gym,"Melbourne, Austrailia"
Go Flyboard,"Melbourne, Austrailia"
Strike QV,"Melbourne, Austrailia"
Will Faulkner Photography Tours,"Melbourne, Austrailia"
The Joint Bar,"Melbourne, Austrailia"
Souvenirs Direct,"Melbourne, Austrailia"
Amy Thai Massage,"Melbourne, Austrailia"
Ron Barassi Jnr Statue,"Melbourne, Austrailia"
Melbourne Bike Share,"Melbourne, Austrailia"
Enoteca Sileno,"Melbourne, Austrailia"
Limerick Arms,"Melbourne, Austrailia"
Melbourne Shopping Experiences,"Melbourne, Austrailia"
My Chauffeur Melbourne,"Melbourne, Austrailia"
Shirley Strickland Statue,"Melbourne, Austrailia"
Haydn Bunton Statue,"Melbourne, Austrailia"
Made In Japan Tableware,"Melbourne, Austrailia"
Buddy Free Walking Tours,"Melbourne, Austrailia"
New Guernica,"Melbourne, Austrailia"
Georgy Girl - The Seekers Musical,"Melbourne, Austrailia"
Betty Cuthbert Statue,"Melbourne, Austrailia"
Maton Guitars,"Melbourne, Austrailia"
Escape Melbourne Tours,"Melbourne, Austrailia"
Troika Bar,"Melbourne, Austrailia"
Vodka Temple,"Melbourne, Austrailia"
Bohemia Cabaret Club,"Melbourne, Austrailia"
Theatre Street Melbourne,"Melbourne, Austrailia"
Casa De Vinos,"Melbourne, Austrailia"
Birrarung Wilam,"Melbourne, Austrailia"
Saint George And The Dragon,"Melbourne, Austrailia"
Joan Of Arc Statue,"Melbourne, Austrailia"
Daniel O'connell Statue,"Melbourne, Austrailia"
Sea Lake Tyrrell Tours,"Melbourne, Austrailia"
Spencer Street Bridge,"Melbourne, Austrailia"
Intrepid,"Melbourne, Austrailia"
Former Es&a Bank,"Melbourne, Austrailia"
Former Flemington Court House,"Melbourne, Austrailia"
Tom Wills Statue,"Melbourne, Austrailia"
B. Lucky & Sons Melbourne Central,"Melbourne, Austrailia"
A Vintage Outing,"Melbourne, Austrailia"
Historic Bank Place,"Melbourne, Austrailia"
Stanford Fountain,"Melbourne, Austrailia"
Larry La Trobe Sculpture,"Melbourne, Austrailia"
Aussie Tees Wild Wombats,"Melbourne, Austrailia"
Rod's Fruit and Vegetables,"Melbourne, Austrailia"
True Secrets Melbourne,"Melbourne, Austrailia"
Alcalston House,"Melbourne, Austrailia"
Food Night Safari Melbourne,"Melbourne, Austrailia"
General Post Office,"Melbourne, Austrailia"
Phillip Island Paradise Adventure,"Melbourne, Austrailia"
Block Place,"Melbourne, Austrailia"
Jetaway Airport Parking,"Melbourne, Austrailia"
Tally Health,"Melbourne, Austrailia"
Meyers Place Bar,"Melbourne, Austrailia"
The Road Trip Australia,"Melbourne, Austrailia"
Boat 4 Hire,"Melbourne, Austrailia"
North Melbourne Railway Station,"Melbourne, Austrailia"
iChauffeur Australia,"Melbourne, Austrailia"
1888 Building - former Melbourne Teachers' College,"Melbourne, Austrailia"
The Den,"Melbourne, Austrailia"
Milton House,"Melbourne, Austrailia"
Parsons Street Reserve,"Melbourne, Austrailia"
Melbourne Airport Maxi Cab,"Melbourne, Austrailia"
Dinosaur Designs,"Melbourne, Austrailia"
Craft Victoria,"Melbourne, Austrailia"
Australis 4WD Adventures,"Melbourne, Austrailia"
Vault,"Melbourne, Austrailia"
Former Herald Building,"Melbourne, Austrailia"
Australian National Academy of Music,"Melbourne, Austrailia"
Family Of Man Statue,"Melbourne, Austrailia"
Lou Richards Statue,"Melbourne, Austrailia"
Record Chambers,"Melbourne, Austrailia"
Mary Gilbert Statue,"Melbourne, Austrailia"
Billy Slater Statue,"Melbourne, Austrailia"
Cameron Smith Statue,"Melbourne, Austrailia"
Air 2B Transport Services,"Melbourne, Austrailia"
Womens Christian Temperance Union Drinking Fountain,"Melbourne, Austrailia"
Urban Chauffeur Cars,"Melbourne, Austrailia"
CPV888 Chauffeured Cars,"Melbourne, Austrailia"
Bianca's tour,"Melbourne, Austrailia"
Yarra River Cruises,"Melbourne, Austrailia"
City River Cruises,"Melbourne, Austrailia"
Herbarium Discovery Walk,"Melbourne, Austrailia"
Escape Room Australia,"Melbourne, Austrailia"
We Chauffeur Melbourne,"Melbourne, Austrailia"
Village Cinemas Crown,"Melbourne, Austrailia"
AAT Kings,"Melbourne, Austrailia"
endota spa,"Melbourne, Austrailia"
Therapy Nightclub,"Melbourne, Austrailia"
GAY TOURS MELBOURNE,"Melbourne, Austrailia"
The Trust,"Melbourne, Austrailia"
Australian Sightseeing Day Tours,"Melbourne, Austrailia"
Men of Dreams,"Melbourne, Austrailia"
Bart Cummings Statue,"Melbourne, Austrailia"
Tununda Wetlands,"Melbourne, Austrailia"
Geddes Lounge,"Melbourne, Austrailia"
Pulo Pool Parlour,"Melbourne, Austrailia"
Reading Cinemas Chirnside Park,"Melbourne, Austrailia"
Kepler's Yard,"Melbourne, Austrailia"
Yarra's Edge Marina,"Melbourne, Austrailia"
Portland House,"Melbourne, Austrailia"
Hi-Fi Bar & Ballroom,"Melbourne, Austrailia"
Wtc North Wharf,"Melbourne, Austrailia"
Baillieu Library,"Melbourne, Austrailia"
Melbourne Airport Rail,"Melbourne, Austrailia"
Crocs play Centre,"Melbourne, Austrailia"
Bridie O'Reillys,"Melbourne, Austrailia"
Moneymex,"Melbourne, Austrailia"
Peninsula Frankston Taxis,"Melbourne, Austrailia"
Robertson Street Reserve,"Melbourne, Austrailia"
Agraba - Lebanese Mezze,"Melbourne, Austrailia"
Rest in Pieces,"Melbourne, Austrailia"
Oarsmens Cenotaph,"Melbourne, Austrailia"
Vietnamese New Year,"Melbourne, Austrailia"
Melbournes Picnic Dates,"Melbourne, Austrailia"
Uoouoo Art Trail,"Melbourne, Austrailia"
Uoo Uoo Art Trail,"Melbourne, Austrailia"
Collins Quarter,"Melbourne, Austrailia"
Tavistock House,"Melbourne, Austrailia"
Clinique di Beauty,"Melbourne, Austrailia"
West Side Place,"Melbourne, Austrailia"
Citywalkz Ltd t/a Citywalks World,"Melbourne, Austrailia"
Grosvenor House,"Melbourne, Austrailia"
Former Geroges Store,"Melbourne, Austrailia"
The Palace Theatre,"Melbourne, Austrailia"
Former Australian Felix Hotel,"Melbourne, Austrailia"
Winfield Building,"Melbourne, Austrailia"
Peterpans Adventure Travel,"Melbourne, Austrailia"
Tech Assault Laser Skirmish,"Melbourne, Austrailia"
Snake Handling Courses,"Melbourne, Austrailia"
Little Red Pocket,"Melbourne, Austrailia"
Rentcampervan.com.au,"Melbourne, Austrailia"
Clementine's,"Melbourne, Austrailia"
Simulator World,"Melbourne, Austrailia"
"Former Commercial Bank Of Australia, Banking Chamber And Entrance","Melbourne, Austrailia"
Former Auditorium Building,"Melbourne, Austrailia"
"Olarn Beauty - Hair Salon, Nail Spa & Thai Massage","Melbourne, Austrailia"
The Walk Arcade,"Melbourne, Austrailia"
Super Day Tours,"Melbourne, Austrailia"
Cupcake & Dessert Walking Tour,"Melbourne, Austrailia"
Sugar Station,"Melbourne, Austrailia"
Printism,"Melbourne, Austrailia"
Foodie Adventure Tours,"Melbourne, Austrailia"
The Exchange Hotel,"Melbourne, Austrailia"
Rocket Ride,"Melbourne, Austrailia"
Chic Empire Ugg Boots,"Melbourne, Austrailia"
Strike Escape Rooms Melbourne Central,"Melbourne, Austrailia"
The George Comedy Club South Melbourne,"Melbourne, Austrailia"
Wines on Poath,"Melbourne, Austrailia"
John F Kennedy Jr Statue,"Melbourne, Austrailia"
Scottish House,"Melbourne, Austrailia"
"DaHa Bar, Lounge & Club","Melbourne, Austrailia"
The Melbourne Chauffeur By Rophael,"Melbourne, Austrailia"
Geoffrey Kaye Museum of Anaesthetic History,"Melbourne, Austrailia"
Bunyip Sculpture,"Melbourne, Austrailia"
World City Trail,"Melbourne, Austrailia"
Tattersalls Lane,"Melbourne, Austrailia"
Milk & Honey Remedial Massage,"Melbourne, Austrailia"
George Higinbotham Statue,"Melbourne, Austrailia"
Comics 'R' Us,"Melbourne, Austrailia"
Red Centre Sculpture,"Melbourne, Austrailia"
Highlander Lane,"Melbourne, Austrailia"
Moku Concept Store,"Melbourne, Austrailia"
Within Three Worlds,"Melbourne, Austrailia"
Babushkas,"Melbourne, Austrailia"
Orion House,"Melbourne, Austrailia"
Women's Sculpture,"Melbourne, Austrailia"
Meditation & Buddhism,"Melbourne, Austrailia"
Boutique Vans,"Melbourne, Austrailia"
Chauffeur Cars Melbourne,"Melbourne, Austrailia"
Ophelia Sculpture,"Melbourne, Austrailia"
Melbourne Way,"Melbourne, Austrailia"
Newmarket Tavern,"Melbourne, Austrailia"
Chasers,"Melbourne, Austrailia"
Culture Kings,"Melbourne, Austrailia"
The Man With The Donkey,"Melbourne, Austrailia"
Puzzle Coffee,"Melbourne, Austrailia"
Village Melbourne,"Melbourne, Austrailia"
Double Happiness,"Melbourne, Austrailia"
Albert Cricket Ground,"Melbourne, Austrailia"
St Luke's Anglican Church,"Melbourne, Austrailia"
Thomas Ferguson Monument,"Melbourne, Austrailia"
Melbournestyle,"Melbourne, Austrailia"
The Jubilee Sailing Trust,"Melbourne, Austrailia"
Lekker Bikes,"Melbourne, Austrailia"
Albert Park Golf Course,"Melbourne, Austrailia"
Spa Ceylon,"Melbourne, Austrailia"
Former Swallow And Ariell Biscuit Factory,"Melbourne, Austrailia"
e.g.etal,"Melbourne, Austrailia"
Op Shop 'til You Get Enough,"Melbourne, Austrailia"
Australia Tourist Guide - Day Tours,"Melbourne, Austrailia"
Maori Chief Hotel,"Melbourne, Austrailia"
Natural Tours,"Melbourne, Austrailia"
Unreel Private Fishing Charters,"Melbourne, Austrailia"
Melbourne Motocross Hire,"Melbourne, Austrailia"
North and West Melbourne Red Cross Memorial,"Melbourne, Austrailia"
Room8 Productions,"Melbourne, Austrailia"
Hoi Polloi,"Melbourne, Austrailia"
endota spa,"Melbourne, Austrailia"
Gosch's Paddock,"Melbourne, Austrailia"
Kuo Min Tang Building,"Melbourne, Austrailia"
Parkville Presbyterian Church (former),"Melbourne, Austrailia"
Dooler,"Melbourne, Austrailia"
Quick Brown Fox,"Melbourne, Austrailia"
JMG Tours,"Melbourne, Austrailia"
Vigorous Traditional Thai,"Melbourne, Austrailia"
Former Metropolitan Gas Co,"Melbourne, Austrailia"
Scots Assembly Hall,"Melbourne, Austrailia"
T & G Building,"Melbourne, Austrailia"
Flindersgate Carpark,"Melbourne, Austrailia"
Melville House,"Melbourne, Austrailia"
Professional Chambers Building,"Melbourne, Austrailia"
Austral Building,"Melbourne, Austrailia"
AMP Square,"Melbourne, Austrailia"
Kurrajong House,"Melbourne, Austrailia"
St Mary's Anglican Church,"Melbourne, Austrailia"
Marrakech Bar - Nightclub,"Melbourne, Austrailia"
Former Eliza Tinsley Warehouse,"Melbourne, Austrailia"
Newmarket Railway Station,"Melbourne, Austrailia"
Albanian Mosque - North Carlton,"Melbourne, Austrailia"
Mitchell House,"Melbourne, Austrailia"
Urban Yoga,"Melbourne, Austrailia"
Flinders Lane Gallery,"Melbourne, Austrailia"
New Beach,"Melbourne, Austrailia"
Royal Saxon Hotel,"Melbourne, Austrailia"
New Zealand Chambers,"Melbourne, Austrailia"
Selvetta,"Melbourne, Austrailia"
Treacey Centre,"Melbourne, Austrailia"
Job Warehouse,"Melbourne, Austrailia"
Princes Hill Precinct,"Melbourne, Austrailia"
St John the Baptist Greek Orthodox Church - North Carlton,"Melbourne, Austrailia"
North Carlton Precinct,"Melbourne, Austrailia"
The Former Royal Park Psychiatric Hospital,"Melbourne, Austrailia"
Deloraine Terrace,"Melbourne, Austrailia"
former Parkville Police Station,"Melbourne, Austrailia"
Trinity Terrace,"Melbourne, Austrailia"
Luxe Therapy,"Melbourne, Austrailia"
Melbourne Chauffeur Cabs,"Melbourne, Austrailia"
Green Bamboo Massage,"Melbourne, Austrailia"
Westgate Golf Course,"Melbourne, Austrailia"
Pudgy Panda,"Melbourne, Austrailia"
Newmarket Shopping Plaza,"Melbourne, Austrailia"
Lagerfield Bar & Beer Garden,"Melbourne, Austrailia"
Mc Donalds and Co Building,"Melbourne, Austrailia"
Paton Building,"Melbourne, Austrailia"
Former Melbourne Sports Depot,"Melbourne, Austrailia"
Wardrop Building,"Melbourne, Austrailia"
Former London Assurance Building,"Melbourne, Austrailia"
Christ Church Kensington,"Melbourne, Austrailia"
Yule House,"Melbourne, Austrailia"
St Mary's Coptic Orthodox Church,"Melbourne, Austrailia"
Kensington Neighbourhood House,"Melbourne, Austrailia"
Derby Street Playground,"Melbourne, Austrailia"
Inner West Church,"Melbourne, Austrailia"
Khokolatbar,"Melbourne, Austrailia"
Warmsley House,"Melbourne, Austrailia"
St Michael's Anglican Church - North Carlton,"Melbourne, Austrailia"
Remembrance Garden,"Melbourne, Austrailia"
Spring Valley Golf Club,"Melbourne, Austrailia"
Hoyts,"Melbourne, Austrailia"
St Michael's Catholic Church,"Melbourne, Austrailia"
Crichton Reserve,"Melbourne, Austrailia"
Boer War Obelisk,"Melbourne, Austrailia"
St Cartthage's University Parish Church,"Melbourne, Austrailia"
Parkville Gardens,"Melbourne, Austrailia"
5 Low Relief Panels In Bronze,"Melbourne, Austrailia"
P Ng Hong Nam Building,"Melbourne, Austrailia"
Former Eagle House,"Melbourne, Austrailia"
Former Martin and Pleasance Building,"Melbourne, Austrailia"
Former Clyde House,"Melbourne, Austrailia"
Warehouse,"Melbourne, Austrailia"
Former Money Order Post Office and Savings Bank,"Melbourne, Austrailia"
blonde.,"Melbourne, Austrailia"
Peppers Paddock,"Melbourne, Austrailia"
St. Stephens Presbyterian Church,"Melbourne, Austrailia"
Normanby Chambers,"Melbourne, Austrailia"
Ludwig Stamer Reserve,"Melbourne, Austrailia"
Golfplus Golf & Cocktail Bar,"Melbourne, Austrailia"
Highlander,"Melbourne, Austrailia"
Bobby McGee's Entertainment Lounge,"Melbourne, Austrailia"
Baroq House Saturdays!,"Melbourne, Austrailia"
The Edge,"Melbourne, Austrailia"
Shanghai Club Pokies,"Melbourne, Austrailia"
Le Beau Monde,"Melbourne, Austrailia"
Intrepid Travel,"Melbourne, Austrailia"
HolidayXP,"Melbourne, Austrailia"
Royal Thai Massage,"Melbourne, Austrailia"
TunzaFun Harbour Town Docklands,"Melbourne, Austrailia"
City Parks Walking Tour,"Melbourne, Austrailia"
The Ugg Shop (Urban Ugg Co.),"Melbourne, Austrailia"
The Cause - Melbourne,"Melbourne, Austrailia"
Jankara Karaoke Bar Russell Street,"Melbourne, Austrailia"
Baroq Corporate,"Melbourne, Austrailia"
House of Maximon,"Melbourne, Austrailia"
Lumia,"Melbourne, Austrailia"
Treats from Home,"Melbourne, Austrailia"
QuickTransfer,"Melbourne, Austrailia"
Delightful Travel,"Melbourne, Austrailia"
AmazingCo,"Melbourne, Austrailia"
Park Street Reserve,"Melbourne, Austrailia"
The Avenue Reserve,"Melbourne, Austrailia"
endota spa,"Melbourne, Austrailia"
Circus Bar,"Melbourne, Austrailia"
Randy Dragon,"Melbourne, Austrailia"
Tea House Thai Massage & Beauty,"Melbourne, Austrailia"
Melbourne Chauffeur Car,"Melbourne, Austrailia"
JayRides,"Melbourne, Austrailia"
Ease Land Massage Little Bourke St Melbourne,"Melbourne, Austrailia"
Jetbug,"Melbourne, Austrailia"
Travelvago Tours,"Melbourne, Austrailia"
Haunted Melbourne Ghost Tour,"Melbourne, Austrailia"
Melbourne City Tours and Airport Transfers,"Melbourne, Austrailia"
Limoz Australia,"Melbourne, Austrailia"
My Silver Service,"Melbourne, Austrailia"
Travel Safe Coach Hire,"Melbourne, Austrailia"
Village Cinemas Gold Class,"Melbourne, Austrailia"
Hughes Limousines,"Melbourne, Austrailia"
Ultimate Bubble Soccer,"Melbourne, Austrailia"
Flybee Holidays Coaches,"Melbourne, Austrailia"
Limousine Wine Tours,"Melbourne, Austrailia"
Zeone Chauffeur Cars,"Melbourne, Austrailia"
Elife Las Vegas,"Melbourne, Austrailia"
Lucky Thursdays,"Melbourne, Austrailia"
Parthenon Travel,"Melbourne, Austrailia"
POLITTAN,"Melbourne, Austrailia"
Skyway Travel & Cargo Service,"Melbourne, Austrailia"
Let's Roam Melbourne,"Melbourne, Austrailia"
Cash Bridge,"Melbourne, Austrailia"
Australia & New Zealand Travel Company,"Melbourne, Austrailia"
Tharita Thai massage,"Melbourne, Austrailia"
Newport Body Treatment,"Melbourne, Austrailia"
Horse World Australia,"Melbourne, Austrailia"
The Maharani Collection,"Melbourne, Austrailia"
Rakhul Karthick,"Melbourne, Austrailia"
Laneway Learning Melbourne,"Melbourne, Austrailia"
Passion Studio,"Melbourne, Austrailia"
Uncle Phil's Adventures,"Melbourne, Austrailia"
Executive Guided Tours,"Melbourne, Austrailia"
Gill Matthews,"Melbourne, Austrailia"
Historic Walking Tour of Melbourne,"Melbourne, Austrailia"
Taxi2Airport Melbourne,"Melbourne, Austrailia"
Southern  Traveller,"Melbourne, Austrailia"
Frank ZHANG,"Melbourne, Austrailia"
Chauffeur Car,"Melbourne, Austrailia"
Nissi Tourist,"Melbourne, Austrailia"
Southern Transit Services,"Melbourne, Austrailia"
Barbie Brows & Beauty,"Melbourne, Austrailia"
Balanced Bodies,"Melbourne, Austrailia"
Hearns Hobbies,"Melbourne, Austrailia"
Augo Tour Australia P/L,"Melbourne, Austrailia"
Photo by Sippa - Melbourne Local Photography Tour,"Melbourne, Austrailia"
Mu Shop,"Melbourne, Austrailia"
Masala Chai Cooking Classes,"Melbourne, Austrailia"
RHOMTRIP,"Melbourne, Austrailia"
WeAreRawPhotography Phototours,"Melbourne, Austrailia"
Get To The Game,"Melbourne, Austrailia"
Starblue Consultancy,"Melbourne, Austrailia"
I Love Tours,"Melbourne, Austrailia"
Ciaran Hudson,"Melbourne, Austrailia"
An Amazing Day With Felix,"Melbourne, Austrailia"
City on a Hill Melbourne,"Melbourne, Austrailia"
Luxury Chauffeur Melbourne,"Melbourne, Austrailia"
Vernon Muir,"Melbourne, Austrailia"
Ruan de Witt,"Melbourne, Austrailia"
Helicraft,"Melbourne, Austrailia"
Airport Cab Melbourne,"Melbourne, Austrailia"
Gaurav Nanda,"Melbourne, Austrailia"
Hike Tribe,"Melbourne, Austrailia"
Robert Filippi Photography,"Melbourne, Austrailia"
Melguru,"Melbourne, Austrailia"
Superior Transfers,"Melbourne, Austrailia"
Baby seat cabs,"Melbourne, Austrailia"
Melbourne Wine tour,"Melbourne, Austrailia"
Albert Park,"Melbourne, Austrailia"
Premier Tours Australia,"Melbourne, Austrailia"
Slow Boat,"Melbourne, Austrailia"
Melbourne Walking Tours-History and Culture,"Melbourne, Austrailia"
Airside Tours,"Melbourne, Austrailia"
Tourlancer,"Melbourne, Austrailia"
Kumar Kumar,"Melbourne, Austrailia"
Hamish Macphee,"Melbourne, Austrailia"
Mens Suit Warehouse,"Melbourne, Austrailia"
Alpha Resumes,"Melbourne, Austrailia"
Kate Cashin Photography,"Melbourne, Austrailia"
Helicraft Australia,"Melbourne, Austrailia"
Beachside Tours,"Melbourne, Austrailia"
Champainting By Cork And Canvas,"Melbourne, Austrailia"
Excel Transfers,"Melbourne, Austrailia"
Two golden hands traditional Thai massage,"Melbourne, Austrailia"
Million Destination,"Melbourne, Austrailia"
Jason Egbers,"Melbourne, Austrailia"
Melbourne Fringe,"Melbourne, Austrailia"
nboats 众艇 fishing charters & luxury yacht charter,"Melbourne, Austrailia"
SkyBus Melbourne,"Melbourne, Austrailia"
Studio Gallery Melbourne,"Melbourne, Austrailia"
Move Culture,"Melbourne, Austrailia"
Chabad Of Melbourne Cbd,"Melbourne, Austrailia"
Gary Freeman,"Melbourne, Austrailia"
Tours for Good,"Melbourne, Austrailia"
Executive Cars Melbourne,"Melbourne, Austrailia"
As Estimation And Consultants,"Melbourne, Austrailia"
Baby Cabs- Taxi With Baby Seat Melbourne,"Melbourne, Austrailia"
PPCabs,"Melbourne, Austrailia"
Oz Shooting,"Melbourne, Austrailia"
The Salsa Foundation,"Melbourne, Austrailia"
Cheeky Melbourne Strippers,"Melbourne, Austrailia"
JLP Outback,"Melbourne, Austrailia"
The Pole Room,"Melbourne, Austrailia"
Tours by Rophael,"Melbourne, Austrailia"
Urban Heartbeat,"Melbourne, Austrailia"
i Darts Hive,"Melbourne, Austrailia"
Moonee Ponds Antiques,"Melbourne, Austrailia"
Rechabite Building,"Melbourne, Austrailia"
Five Elements Spa,"Melbourne, Austrailia"
Diamond Car and Commercial Rentals Pty Ltd,"Melbourne, Austrailia"
Red Gum Gully,"Melbourne, Austrailia"
Centenary Reserve,"Melbourne, Austrailia"
Cbd Travels,"Melbourne, Austrailia"
BTS,"Melbourne, Austrailia"
Melbourne Maxi Taxi,"Melbourne, Austrailia"
Melbourne Lux Bus,"Melbourne, Austrailia"
Metro Hobbies,"Melbourne, Austrailia"
Omni Drive,"Melbourne, Austrailia"
Driver Dynamics,"Melbourne, Austrailia"
Katies Carz,"Melbourne, Austrailia"
Luciano Azzaro,"Melbourne, Austrailia"
Brooks Chambers,"Melbourne, Austrailia"
The Tintin Shop,"Melbourne, Austrailia"
墨爾本旅遊玩家,"Melbourne, Austrailia"
Your Local Tour Guide Melbourne,"Melbourne, Austrailia"
Found Sound,"Melbourne, Austrailia"
Spanish Blackboard Academy,"Melbourne, Austrailia"
Airport Chauffeur Cars,"Melbourne, Austrailia"
Savour Chocolate and Patisserie School,"Melbourne, Austrailia"
Nicci Crossing,"Melbourne, Austrailia"
Walking Tour of Melbourne – Classic City Tour,"Melbourne, Austrailia"
Former Kozminsky Galleries,"Melbourne, Austrailia"
O2 EVENTS PTY LTD,"Melbourne, Austrailia"
"PROFi DRIVER Melbourne, Australia, South Pacific","Melbourne, Austrailia"
DISCOVER THE YARRA VALLEY WINE TOUR,"Melbourne, Austrailia"
Roy's Antiques,"Melbourne, Austrailia"
Aquatic Adventures,"Melbourne, Austrailia"
Ellen,"Melbourne, Austrailia"
WeDesi Tours and Travels,"Melbourne, Austrailia"
Vibrant India Tours,"Melbourne, Austrailia"
The Melbourne Cab,"Melbourne, Austrailia"
Lokafy,"Melbourne, Austrailia"
Ancient World Studio,"Melbourne, Austrailia"
India Vacay,"Melbourne, Austrailia"
Smart Goods,"Melbourne, Austrailia"
Heeman,"Melbourne, Austrailia"
JTB Travel,"Melbourne, Austrailia"
Bayside Beer Belt,"Melbourne, Austrailia"
Nailology,"Melbourne, Austrailia"
Melbournechauffeur24,"Melbourne, Austrailia"
Grand Galaxy Chauffeur,"Melbourne, Austrailia"
Starways Chauffeur,"Melbourne, Austrailia"
Artfulness Retreats,"Melbourne, Austrailia"
Circus Royale - Burnley Oval,"Melbourne, Austrailia"
African Music & Cultural Festival,"Melbourne, Austrailia"
SIXT ride,"Melbourne, Austrailia"
Imperial Chauffeurs,"Melbourne, Austrailia"
Flower Club Studio,"Melbourne, Austrailia"
Hawkers Beer,"Melbourne, Austrailia"
Southern Caribou,"Melbourne, Austrailia"
Archie Brothers Cirque Electriq Chadstone,"Melbourne, Austrailia"
Private Yarra Valley Wine Tours,"Melbourne, Austrailia"
Speakeasy Theatre,"Melbourne, Austrailia"
ForeverVacation Melbourne,"Melbourne, Austrailia"
Beauty Inside Massage,"Melbourne, Austrailia"
Made 2 Measure Massage for Men,"Melbourne, Austrailia"
Imika Skin Clinic,"Melbourne, Austrailia"
ANZ EXPRESS TOUR,"Melbourne, Austrailia"
Sherilyn Is My Personal Driver,"Melbourne, Austrailia"
Full Brow,"Melbourne, Austrailia"
Full Brow - Brow Bar,"Melbourne, Austrailia"
Melbourne Photography Courses,"Melbourne, Austrailia"
eSIM Data Plan for Melbourne Australia via QR Code,"Melbourne, Austrailia"
Rebel Rebel,"Melbourne, Austrailia"
